區域別,里名,人口密度
臺北市松山區,莊敬里,2113.750099
臺北市松山區,東榮里,31466.64619
臺北市松山區,三民里,52190.29742
臺北市松山區,新益里,39803.48834
臺北市松山區,富錦里,51618.6777
臺北市松山區,新東里,14302.78099
臺北市松山區,富泰里,80753.4797
臺北市松山區,介壽里,32658.47817
臺北市松山區,精忠里,2040.863879
臺北市松山區,東光里,36700.28739
臺北市松山區,龍田里,49155.80315
臺北市松山區,東昌里,52721.46216
臺北市松山區,東勢里,48066.98058
臺北市松山區,中華里,34232.83702
臺北市松山區,民有里,32054.0844
臺北市松山區,民福里,28816.69785
臺北市松山區,慈祐里,25540.33261
臺北市松山區,安平里,39983.91538
臺北市松山區,鵬程里,42125.60458
臺北市松山區,自強里,60616.66197
臺北市松山區,吉祥里,38172.79124
臺北市松山區,新聚里,51659.36936
臺北市松山區,復盛里,38372.36308
臺北市松山區,中正里,29142.23595
臺北市松山區,中崙里,46722.13223
臺北市松山區,美仁里,17167.70165
臺北市松山區,吉仁里,66381.1756
臺北市松山區,敦化里,50842.49991
臺北市松山區,復源里,63200.17089
臺北市松山區,復建里,53306.22148
臺北市松山區,復勢里,50095.32077
臺北市松山區,福成里,34248.78604
臺北市松山區,松基里,20766.80074
臺北市信義區,西村里,11277.22318
臺北市信義區,正和里,62511.87736
臺北市信義區,興隆里,9831.60615
臺北市信義區,中興里,41947.77893
臺北市信義區,新仁里,5785.717791
臺北市信義區,興雅里,22587.24583
臺北市信義區,敦厚里,47233.80403
臺北市信義區,廣居里,47542.3891
臺北市信義區,安康里,21776.85907
臺北市信義區,六藝里,59296.79864
臺北市信義區,雅祥里,31325.45545
臺北市信義區,五常里,42162.13387
臺北市信義區,五全里,58651.66917
臺北市信義區,永吉里,34489.79021
臺北市信義區,長春里,48236.05931
臺北市信義區,四育里,35502.27464
臺北市信義區,四維里,91564.56765
臺北市信義區,永春里,35679.04807
臺北市信義區,富台里,42872.33055
臺北市信義區,國業里,86635.09842
臺北市信義區,松隆里,2940.089614
臺北市信義區,松友里,33214.10011
臺北市信義區,松光里,43548.13334
臺北市信義區,中坡里,30862.31133
臺北市信義區,中行里,9243.674563
臺北市信義區,大道里,51174.46232
臺北市信義區,大仁里,30004.15455
臺北市信義區,景新里,24324.73111
臺北市信義區,惠安里,17564.39888
臺北市信義區,三張里,30061.10272
臺北市信義區,三犁里,9389.369897
臺北市信義區,六合里,5259.720598
臺北市信義區,泰和里,10936.13298
臺北市信義區,景聯里,40928.84106
臺北市信義區,景勤里,22000.75169
臺北市信義區,雙和里,27458.10897
臺北市信義區,嘉興里,53518.06697
臺北市信義區,黎順里,21555.77686
臺北市信義區,黎平里,52913.88827
臺北市信義區,黎忠里,33207.47732
臺北市信義區,黎安里,2766.050925
臺北市大安區,德安里,39342.74082
臺北市大安區,仁慈里,48192.78817
臺北市大安區,和安里,23851.0938
臺北市大安區,民炤里,32036.15159
臺北市大安區,仁愛里,24636.65638
臺北市大安區,義村里,22201.37333
臺北市大安區,民輝里,19978.20806
臺北市大安區,昌隆里,23095.60327
臺北市大安區,誠安里,38399.76507
臺北市大安區,光武里,38577.14778
臺北市大安區,龍坡里,40804.93914
臺北市大安區,龍泉里,53624.09734
臺北市大安區,古風里,40489.40898
臺北市大安區,古莊里,34216.11974
臺北市大安區,龍安里,48275.73111
臺北市大安區,錦安里,40569.34054
臺北市大安區,福住里,48346.37185
臺北市大安區,永康里,32980.3596
臺北市大安區,光明里,32313.80882
臺北市大安區,錦泰里,29422.78096
臺北市大安區,錦華里,57997.24643
臺北市大安區,龍圖里,30915.63676
臺北市大安區,新龍里,77059.10122
臺北市大安區,龍陣里,39772.50575
臺北市大安區,龍雲里,29709.0724
臺北市大安區,龍生里,56370.10153
臺北市大安區,住安里,37157.85901
臺北市大安區,義安里,30833.01417
臺北市大安區,通化里,52448.8861
臺北市大安區,通安里,45738.53391
臺北市大安區,臨江里,56271.69729
臺北市大安區,法治里,39840.83887
臺北市大安區,全安里,33383.00855
臺北市大安區,群賢里,40616.70924
臺北市大安區,群英里,100109.1391
臺北市大安區,虎嘯里,26430.11508
臺北市大安區,臥龍里,12344.22517
臺北市大安區,龍淵里,58735.666
臺北市大安區,龍門里,9038.513477
臺北市大安區,大學里,45181.75805
臺北市大安區,芳和里,21056.70695
臺北市大安區,黎元里,22022.59511
臺北市大安區,黎孝里,24520.78286
臺北市大安區,黎和里,8946.143892
臺北市大安區,建安里,34520.36987
臺北市大安區,建倫里,37702.66159
臺北市大安區,敦安里,37065.19905
臺北市大安區,正聲里,44046.25476
臺北市大安區,敦煌里,48488.48061
臺北市大安區,華聲里,31914.96328
臺北市大安區,車層里,52217.28361
臺北市大安區,光信里,57501.39377
臺北市大安區,學府里,1167.651566
臺北市中山區,正守里,28729.54535
臺北市中山區,正義里,39678.75784
臺北市中山區,正得里,24541.85156
臺北市中山區,民安里,20860.86657
臺北市中山區,康樂里,16938.27907
臺北市中山區,中山里,40943.61427
臺北市中山區,聚盛里,33647.01966
臺北市中山區,集英里,21950.77362
臺北市中山區,聚葉里,32537.58143
臺北市中山區,恆安里,38310.23299
臺北市中山區,晴光里,51003.4796
臺北市中山區,圓山里,7051.08607
臺北市中山區,劍潭里,1521.330985
臺北市中山區,大直里,14033.70058
臺北市中山區,成功里,10766.44113
臺北市中山區,永安里,36921.08475
臺北市中山區,大佳里,813.6990737
臺北市中山區,新喜里,47648.61082
臺北市中山區,新庄里,7869.210216
臺北市中山區,新福里,37469.16092
臺北市中山區,松江里,33424.1868
臺北市中山區,新生里,35274.96864
臺北市中山區,中庄里,34513.74682
臺北市中山區,行政里,41590.30593
臺北市中山區,行仁里,41227.77582
臺北市中山區,行孝里,34254.22695
臺北市中山區,下埤里,37017.37745
臺北市中山區,江寧里,40780.77098
臺北市中山區,江山里,38544.96292
臺北市中山區,中吉里,30298.77331
臺北市中山區,中原里,30278.19225
臺北市中山區,興亞里,21605.82292
臺北市中山區,中央里,14900.94973
臺北市中山區,朱馥里,32221.65379
臺北市中山區,龍洲里,72202.35436
臺北市中山區,朱園里,16655.36849
臺北市中山區,埤頭里,17732.71118
臺北市中山區,朱崙里,22796.87169
臺北市中山區,力行里,21331.73117
臺北市中山區,復華里,21393.79621
臺北市中山區,金泰里,7632.088549
臺北市中山區,北安里,6291.804476
臺北市中正區,水源里,7738.452565
臺北市中正區,富水里,8853.11326
臺北市中正區,文盛里,24761.89254
臺北市中正區,林興里,11857.84624
臺北市中正區,河堤里,29428.51759
臺北市中正區,頂東里,50210.19128
臺北市中正區,網溪里,35033.78731
臺北市中正區,板溪里,35576.50555
臺北市中正區,螢圃里,48855.94101
臺北市中正區,螢雪里,19063.77846
臺北市中正區,永功里,44695.99276
臺北市中正區,永昌里,50594.59262
臺北市中正區,龍興里,50293.03904
臺北市中正區,忠勤里,61833.22489
臺北市中正區,廈安里,51409.02373
臺北市中正區,愛國里,42383.43776
臺北市中正區,南門里,8949.935223
臺北市中正區,龍光里,21943.73494
臺北市中正區,南福里,50027.55451
臺北市中正區,龍福里,25709.16284
臺北市中正區,新營里,63598.23455
臺北市中正區,建國里,3006.066334
臺北市中正區,光復里,13204.0634
臺北市中正區,黎明里,5667.284767
臺北市中正區,梅花里,7025.961631
臺北市中正區,幸福里,19755.87497
臺北市中正區,幸市里,26866.1357
臺北市中正區,東門里,5299.603846
臺北市中正區,文北里,33451.39708
臺北市中正區,文祥里,70391.16805
臺北市中正區,三愛里,41441.42195
臺北市大同區,玉泉里,8958.401084
臺北市大同區,建明里,21907.82621
臺北市大同區,建功里,39171.1451
臺北市大同區,建泰里,29503.60935
臺北市大同區,永樂里,23902.47492
臺北市大同區,朝陽里,43255.96377
臺北市大同區,星明里,40273.9379
臺北市大同區,光能里,42189.91055
臺北市大同區,大有里,22809.34834
臺北市大同區,延平里,46161.94587
臺北市大同區,雙連里,45712.42139
臺北市大同區,南芳里,19060.0265
臺北市大同區,民權里,30994.07101
臺北市大同區,景星里,24602.66408
臺北市大同區,隆和里,27794.61838
臺北市大同區,蓬萊里,30080.57968
臺北市大同區,國順里,20798.23655
臺北市大同區,國慶里,40897.6622
臺北市大同區,揚雅里,67101.27653
臺北市大同區,斯文里,42793.23177
臺北市大同區,鄰江里,28338.33589
臺北市大同區,至聖里,32690.63772
臺北市大同區,老師里,10423.20757
臺北市大同區,重慶里,16524.36802
臺北市大同區,保安里,21871.30684
臺北市萬華區,福星里,22434.57211
臺北市萬華區,萬壽里,19739.80651
臺北市萬華區,西門里,26275.98299
臺北市萬華區,新起里,52267.04627
臺北市萬華區,菜園里,20053.70782
臺北市萬華區,青山里,17794.60689
臺北市萬華區,富民里,43024.49055
臺北市萬華區,福音里,35247.73674
臺北市萬華區,仁德里,42316.79925
臺北市萬華區,富福里,31167.61313
臺北市萬華區,頂碩里,43450.30712
臺北市萬華區,雙園里,26049.52167
臺北市萬華區,新忠里,76628.07646
臺北市萬華區,新和里,74846.90197
臺北市萬華區,糖?里,35866.15386
臺北市萬華區,和平里,47551.43884
臺北市萬華區,綠堤里,24787.72453
臺北市萬華區,華江里,14984.96082
臺北市萬華區,柳鄉里,7371.46903
臺北市萬華區,日善里,21386.2334
臺北市萬華區,新安里,61052.34944
臺北市萬華區,忠德里,53764.23265
臺北市萬華區,孝德里,34403.51139
臺北市萬華區,和德里,28550.39926
臺北市萬華區,錦德里,38686.23318
臺北市萬華區,全德里,40334.7509
臺北市萬華區,保德里,46581.96307
臺北市萬華區,銘德里,33890.27023
臺北市萬華區,榮德里,20946.90668
臺北市萬華區,壽德里,59645.52256
臺北市萬華區,興德里,7335.027888
臺北市萬華區,華中里,9752.259285
臺北市萬華區,日祥里,32188.16062
臺北市萬華區,忠貞里,94725.41912
臺北市萬華區,凌霄里,115701.3438
臺北市萬華區,騰雲里,15032.22608
臺北市文山區,景行里,47580.60477
臺北市文山區,景東里,28336.45204
臺北市文山區,景美里,25181.88024
臺北市文山區,景慶里,17518.19516
臺北市文山區,景仁里,22926.98528
臺北市文山區,景華里,33784.23686
臺北市文山區,萬有里,35451.52199
臺北市文山區,萬祥里,45046.93553
臺北市文山區,萬隆里,59578.5153
臺北市文山區,萬年里,15906.21772
臺北市文山區,萬和里,10459.1551
臺北市文山區,萬盛里,13302.21151
臺北市文山區,興豐里,28723.12887
臺北市文山區,興光里,9531.773098
臺北市文山區,興家里,47635.93104
臺北市文山區,興得里,9519.043659
臺北市文山區,興業里,42339.13332
臺北市文山區,興安里,29752.96862
臺北市文山區,興福里,50530.31006
臺北市文山區,興旺里,18373.49774
臺北市文山區,興泰里,8974.644775
臺北市文山區,興昌里,11820.10743
臺北市文山區,試院里,16219.30262
臺北市文山區,華興里,14619.99182
臺北市文山區,明義里,22040.99999
臺北市文山區,明興里,33082.00338
臺北市文山區,木柵里,16217.94594
臺北市文山區,木新里,31967.14737
臺北市文山區,順興里,50624.71946
臺北市文山區,樟林里,35534.04902
臺北市文山區,樟新里,30209.83149
臺北市文山區,樟腳里,31995.65508
臺北市文山區,萬芳里,23673.96355
臺北市文山區,博嘉里,1445.820414
臺北市文山區,萬興里,2930.995705
臺北市文山區,指南里,639.4160298
臺北市文山區,老泉里,240.3905082
臺北市文山區,忠順里,29070.25016
臺北市文山區,萬美里,10156.90291
臺北市文山區,政大里,2860.523545
臺北市文山區,樟文里,30931.03399
臺北市文山區,興邦里,23427.9075
臺北市文山區,樟樹里,64073.28363
臺北市南港區,南港里,15734.43838
臺北市南港區,中南里,2210.062217
臺北市南港區,新富里,23699.38477
臺北市南港區,三重里,7628.698236
臺北市南港區,東新里,30846.7027
臺北市南港區,新光里,2496.049079
臺北市南港區,東明里,15936.45768
臺北市南港區,西新里,10239.58661
臺北市南港區,玉成里,11680.25477
臺北市南港區,合成里,22864.84189
臺北市南港區,成福里,15235.8954
臺北市南港區,萬福里,40399.18122
臺北市南港區,鴻福里,38428.46967
臺北市南港區,百福里,18954.31755
臺北市南港區,聯成里,40934.13388
臺北市南港區,舊莊里,1680.02045
臺北市南港區,中研里,10168.93302
臺北市南港區,九如里,917.4742603
臺北市南港區,仁福里,16973.79022
臺北市南港區,重陽里,14135.67208
臺北市內湖區,西湖里,15884.19559
臺北市內湖區,西康里,8225.401875
臺北市內湖區,西安里,5419.402901
臺北市內湖區,港墘里,8848.657247
臺北市內湖區,港都里,46341.36216
臺北市內湖區,港富里,26794.84203
臺北市內湖區,港華里,14150.61787
臺北市內湖區,內湖里,39718.80548
臺北市內湖區,湖濱里,12780.05688
臺北市內湖區,紫星里,36757.2625
臺北市內湖區,大湖里,1926.763304
臺北市內湖區,金龍里,32005.95206
臺北市內湖區,金瑞里,2937.959686
臺北市內湖區,碧山里,1929.623427
臺北市內湖區,紫雲里,15929.04309
臺北市內湖區,清白里,22659.18722
臺北市內湖區,葫洲里,33476.40774
臺北市內湖區,紫陽里,19971.23956
臺北市內湖區,瑞陽里,42394.32625
臺北市內湖區,瑞光里,31102.49062
臺北市內湖區,五分里,37257.86586
臺北市內湖區,東湖里,51129.0794
臺北市內湖區,樂康里,49157.97456
臺北市內湖區,內溝里,1117.32883
臺北市內湖區,週美里,19036.20235
臺北市內湖區,行善里,20101.72818
臺北市內湖區,石潭里,3331.523736
臺北市內湖區,湖興里,8110.370595
臺北市內湖區,湖元里,2348.668834
臺北市內湖區,安湖里,49576.72719
臺北市內湖區,秀湖里,12484.10447
臺北市內湖區,安泰里,4900.428446
臺北市內湖區,金湖里,12169.20776
臺北市內湖區,康寧里,27595.37795
臺北市內湖區,明湖里,68584.51778
臺北市內湖區,蘆洲里,1798.956063
臺北市內湖區,麗山里,35146.4455
臺北市內湖區,寶湖里,18046.76677
臺北市內湖區,南湖里,17021.53356
臺北市士林區,仁勇里,29897.91205
臺北市士林區,義信里,14887.84262
臺北市士林區,福林里,1457.187495
臺北市士林區,福德里,20490.45698
臺北市士林區,福志里,21576.73048
臺北市士林區,舊佳里,36601.87521
臺北市士林區,福佳里,15467.5576
臺北市士林區,後港里,14414.49785
臺北市士林區,福中里,26641.94521
臺北市士林區,前港里,27844.12512
臺北市士林區,百齡里,47506.2986
臺北市士林區,承德里,43597.78544
臺北市士林區,福華里,42704.70589
臺北市士林區,明勝里,16891.06367
臺北市士林區,福順里,23831.80384
臺北市士林區,富光里,18992.16406
臺北市士林區,葫蘆里,24444.80991
臺北市士林區,葫東里,21430.12426
臺北市士林區,社子里,17899.74399
臺北市士林區,社新里,23220.56443
臺北市士林區,社園里,36683.08858
臺北市士林區,永倫里,11398.39637
臺北市士林區,福安里,1921.166348
臺北市士林區,富洲里,1992.46786
臺北市士林區,岩山里,6883.476534
臺北市士林區,名山里,18422.79375
臺北市士林區,德行里,22920.89237
臺北市士林區,德華里,19857.87433
臺北市士林區,聖山里,46584.94234
臺北市士林區,忠誠里,38233.63825
臺北市士林區,芝山里,7036.93746
臺北市士林區,東山里,3449.885211
臺北市士林區,三玉里,10936.69691
臺北市士林區,蘭雅里,41899.43145
臺北市士林區,蘭興里,24247.68086
臺北市士林區,天福里,32181.84551
臺北市士林區,天祿里,37986.59896
臺北市士林區,天壽里,24732.70805
臺北市士林區,天和里,19458.81371
臺北市士林區,天山里,40853.64502
臺北市士林區,天玉里,35580.50515
臺北市士林區,天母里,3670.577022
臺北市士林區,永福里,857.2920356
臺北市士林區,公館里,788.8911363
臺北市士林區,新安里,949.357145
臺北市士林區,陽明里,1400.661288
臺北市士林區,菁山里,135.4622285
臺北市士林區,平等里,234.3352516
臺北市士林區,溪山里,151.4831837
臺北市士林區,翠山里,1693.018176
臺北市士林區,臨溪里,1309.496151
臺北市北投區,建民里,4034.345594
臺北市北投區,文林里,38537.28514
臺北市北投區,石牌里,47658.61175
臺北市北投區,福興里,21222.64074
臺北市北投區,榮光里,54927.43256
臺北市北投區,榮華里,19709.10388
臺北市北投區,裕民里,44179.4393
臺北市北投區,振華里,27664.33841
臺北市北投區,永和里,5814.824696
臺北市北投區,永欣里,10820.45145
臺北市北投區,永明里,43366.14838
臺北市北投區,東華里,9363.263472
臺北市北投區,吉利里,42691.71912
臺北市北投區,吉慶里,14721.98228
臺北市北投區,尊賢里,64680.27435
臺北市北投區,立賢里,12742.79119
臺北市北投區,立農里,27951.23455
臺北市北投區,八仙里,1436.83812
臺北市北投區,洲美里,1444.240018
臺北市北投區,奇岩里,6130.523759
臺北市北投區,清江里,40240.93745
臺北市北投區,中央里,42165.83243
臺北市北投區,長安里,32079.12487
臺北市北投區,大同里,8021.73644
臺北市北投區,溫泉里,27233.69528
臺北市北投區,林泉里,1973.504394
臺北市北投區,中心里,17335.90135
臺北市北投區,中庸里,41205.92579
臺北市北投區,開明里,16871.56047
臺北市北投區,中和里,27269.30296
臺北市北投區,智仁里,58194.59468
臺北市北投區,秀山里,2807.063359
臺北市北投區,文化里,8466.252054
臺北市北投區,豐年里,6772.271357
臺北市北投區,稻香里,5026.580309
臺北市北投區,桃源里,4825.488886
臺北市北投區,一德里,2792.850838
臺北市北投區,關渡里,7041.173169
臺北市北投區,泉源里,468.8614774
臺北市北投區,湖山里,436.9622702
臺北市北投區,大屯里,288.380906
臺北市北投區,湖田里,57.2189481
