購物中心,地址,英文地址,經緯度
統一時代百貨台北店,台北市信義區忠孝東路五段8號,"No. 8, Section 5, Zhongxiao East Road, Xinyi District, Taipei City, Taiwan 110","25.0406227, 121.5654586"
微風信義,台北市信義區忠孝東路五段68號,"No. 68, Section 5, Zhongxiao East Road, Xinyi District, Taipei City, Taiwan 110","25.0399434, 121.5668801"
誠品信義店,台北市信義區松高路11號,"No. 11, Songgao Road, Xinyi District, Taipei City, Taiwan 110","25.0397197, 121.5658739"
新光三越信義新天地A4館,台北市信義區松高路19號,"No. 19, Songgao Road, Xinyi District, Taipei City, Taiwan 110","25.0396922, 121.5664837"
新光三越信義新天地A8館,台北市信義區松高路12號,"No. 12, Songgao Road, Xinyi District, Taipei City, Taiwan 110","25.0387489, 121.5666702"
新光三越信義新天地A9館,台北市信義區松壽路9號,"No. 9, Songshou Road, Xinyi District, Taipei City, Taiwan 110","25.0366706, 121.5667018"
新光三越信義新天地A11館,台北市信義區松壽路11號,"No. 11, Songshou Road, Xinyi District, Taipei City, Taiwan 110","25.0365446, 121.5672369"
ATT 4 FUN,台北市信義區松壽路12號,"No. 12, Songshou Road, Xinyi District, Taipei City, Taiwan 110","25.03531, 121.5660665"
信義威秀商場,台北市信義區松壽路20號,"No. 20, Songshou Road, Xinyi District, Taipei City, Taiwan 110","25.0356143, 121.5670983"
Neo 19,台北市信義區松壽路22號,"No. 22, Songshou Road, Xinyi District, Taipei City, Taiwan 110","25.0355031, 121.56786"
BELLAVITA寶麗廣塲,台北市信義區松仁路28號,"No. 28, Songren Road, Xinyi District, Taipei City, Taiwan 110","25.0396219, 121.567641"
遠百信義A13,台北市信義區松仁路58號,"No. 58, Songren Road, Xinyi District, Taipei City, Taiwan 110","25.0368521, 121.5676666"
台北101,台北市信義區信義路五段7號,"No. 7, Section 5, Xinyi Road, Xinyi District, Taipei City, Taiwan 110","25.033976, 121.5645389"
微風南山,台北市信義區松智路17號,"No. 17, Songzhi Road, Xinyi District, Taipei City, Taiwan 110","25.0343073, 121.5659555"
太平洋崇光百貨復興店,台北市大安區忠孝東路三段300號,"No. 300, Section 3, Zhongxiao East Road, Da’an District, Taipei City, Taiwan 106","25.0408932, 121.5432417"
太平洋崇光百貨忠孝店,台北市大安區忠孝東路四段45號,"No. 45, Section 4, Zhongxiao East Road, Da’an District, Taipei City, Taiwan 106","25.0419311, 121.5446558"
明曜百貨,台北市大安區忠孝東路四段200號,"No. 200, Section 4, Zhongxiao East Road, Da’an District, Taipei City, Taiwan 106","25.0412893, 121.5522544"
Bistro 98,台北市大安區忠孝東路四段98號,"No. 98, Section 4, Zhongxiao East Road, Da’an District, Taipei City, Taiwan 106","25.0413305, 121.5462915"
東區地下街,台北市大安區大安路一段77號,"No. 77, Section 1, Da'an Road, Da’an District, Taipei City, Taiwan 106","25.0419631, 121.5463538"
太平洋崇光百貨敦化店,台北市大安區敦化南路一段246號,"No. 246, Section 1, Dunhua South Road, Da’an District, Taipei City, Taiwan 106","25.0330358, 121.5492181"
遠企購物中心,台北市大安區敦化南路二段203號,"No. 203, Section 2, Dunhua South Road, Da’an District, Taipei City, Taiwan 106","25.0263019, 121.5493621"
微風廣場,台北市松山區復興南路一段39號,"No. 39, Section 1, Fuxing South Road, Songshan District, Taipei City, Taiwan 105","25.0460629, 121.5441717"
微風南京,台北市松山區南京東路三段337號,"No. 337, Section 3, Nanjing East Road, Songshan District, Taipei City, Taiwan 105","25.052006, 121.548289"
慶城街1號,台北市松山區慶城街1號,"No. 1, Qingcheng Street, Songshan District, Taipei City, Taiwan 105","25.0528006, 121.544604"
CITYLINK松山壹號店,台北市信義區松山路11號,"No. 11, Songshan Road, Xinyi District, Taipei City, Taiwan 110","25.0491901, 121.5782994"
CITYLINK松山貳號店,台北市松山區市民大道六段131號,"No. 131, Section 6, Civic Blvd., Songshan District, Taipei City, Taiwan 105","25.0496341, 121.5791361"
禮客時尚館內湖一店,台北市內湖區民善街205號,"No. 205, Minshan Street, Neihu District, Taipei City, Taiwan 114","25.064243, 121.57476"
禮客時尚館內湖二店,台北市內湖區民善街215號,"No. 215, Minshan Street, Neihu District, Taipei City, Taiwan 114","25.064243, 121.57476"
昇恆昌內湖旗艦店,台北市內湖區金莊路129號,"No. 129, Jinzhuang Road, Neihu District, Taipei City, Taiwan 114","25.0642384, 121.5881273"
CITYLINK內湖店,台北市內湖區成功路四段188號,"No. 188, Section 4, Chenggong Road, Neihu Distrist, Taipei City, Taiwan 114","25.083992, 121.594264"
CITYLINK南港店,台北市南港區忠孝東路7段369號,"No. 369, Section 7, Zhongxiao East Road, Nangang District, Taipei City, Taiwan 115","25.0525582, 121.604518"
中國信託金融園區商場,台北市南港區經貿二路168號,"No. 168, Jingmao 2nd Road, Nangang District, Taipei City, Taiwan 115","25.0591684, 121.6155071"
環球購物中心南港車站分店,台北市南港區忠孝東路七段371號,"No. 371, Section 7, Zhongxiao East Road, Nangang District, Taipei City, Taiwan 115","25.0528955, 121.6072597"
光華商場,台北市中正區市民大道三段8號,"No. 8, Section 3, Civic Blvd., Zhongzheng District, Taipei City, Taiwan 100","25.0450357, 121.5319312"
三創數位生活園區,台北市中正區市民大道三段2號,"No. 2, Section 3, Civic Blvd., Zhongzheng District, Taipei City, Taiwan 100","25.0452613, 121.5312585"
欣欣百貨,台北市中山區林森北路247號,"No. 247, Linsen North Road, Zhongshan District, Taipei City, Taiwan 104","25.0541439, 121.5259693"
新光三越南西店本館,台北市中山區南京西路12號,"No. 12, Nanjing West Road, Zhongshan District, Taipei City, Taiwan 104","25.0523038, 121.5211048"
新光三越南西店三館,台北市中山區南京西路15號,"No. 15, Nanjing West Road, Zhongshan District, Taipei City, Taiwan 104","25.0527485, 121.5206836"
誠品生活南西店,台北市中山區南京西路14號,"No. 14, Nanjing West Road, Zhongshan District, Taipei City, Taiwan 104","25.0521315, 121.520677"
京站時尚廣場,台北市大同區承德路一段1號,"No. 1, Section 1, Chengde Road, Datong District, Taipei City, Taiwan 103","25.049308, 121.5171935"
新光三越站前店,台北市中正區忠孝西路一段66號,"No. 66, Section 1, Zhongxiao West Road, Zhongzheng District, Taipei City, Taiwan 100","25.0459441, 121.5153112"
微風台北車站,台北市中正區北平西路3號,"No. 3, Beiping West Road, Zhongzheng District, Taipei City, Taiwan 100","25.047702, 121.5173735"
誠品站前店,台北市中正區忠孝西路一段47號,"No. 47, Section 1, Zhongxiao West Road, Zhongzheng District, Taipei City, Taiwan 100","25.04646, 121.5174454"
凱撒美食精品館,台北市中正區忠孝西路一段38號,"No. 38, Section 1, Zhongxiao West Road, Zhongzheng District, Taipei City, Taiwan 100","25.0462341, 121.5164145"
和億生活商場,台北市中正區忠孝西路一段36號,"No. 36, Section 1, Zhongxiao West Road, Zhongzheng District, Taipei City, Taiwan 100","25.0460243, 121.5169483"
誠品西門店,台北市萬華區峨眉街52號,"No. 52, Emei Street, Wanhua District, Taipei City, Taiwan 108","25.043798, 121.505412"
誠品武昌店,台北市萬華區武昌街二段77號,"No. 77, Section 2, Wuchang Street, Wanhua District, Taipei City, Taiwan 108","25.0451617, 121.5055717"
遠百寶慶,台北市中正區寶慶路32號,"No. 32, Baoqing Road, Zhongzheng District, Taipei City, Taiwan 100","25.0415012, 121.5091114"
Jun Plaza,台北市萬華區漢中街54號,"No. 54, Hanzhong Street, Wanhua District, Taipei City, Taiwan 108","25.0436923, 121.5071644"
TiT國際廣場,台北市萬華區西寧南路125號,"No. 125, Xining Road, Wanhua District, Taipei City, Taiwan 108","25.0444475, 121.5067114"
西門新宿商場,台北市萬華區西寧南路72號之1,"No. 72-1, Xining South Road, Wanhua District, Taipei City, Taiwan 108","25.043239, 121.5059649"
萬年商業大樓,台北市萬華區西寧南路70號,"No. 70, Xining Road, Wanhua District, Taipei City, Taiwan 108","25.0434566, 121.5060413"
獅子林商業大樓,台北市萬華區西寧南路36號,"No. 36, Xining Road, Wanhua District, Taipei City, Taiwan 108","25.0452425, 121.5064943"
大葉高島屋,台北市士林區忠誠路二段55號,"No. 55, Section 2, Zhongcheng Road, Shilin District, Taipei City, Taiwan 111","25.1118264, 121.5315215"
新光三越天母店A館,台北市士林區天母東路68號,"No. 68, Tianmu East Road, Shilin District, Taipei City, Taiwan 111","25.1179204, 121.5339295"
新光三越天母店B館,台北市士林區忠誠路二段200號,"No. 200, Section 2, Zhongcheng Road, Shilin District, Taipei City, Taiwan 111","25.1173977, 121.5339334"
太平洋崇光百貨天母店,台北市士林區中山北路六段77號,"No. 77, Section 6, Zhongshan North Road, Shilin District, Taipei City, Taiwan 111","25.1053498, 121.5246797"
美麗華百樂園,台北市中山區敬業三路20號,"No. 20, Jingye 3rd Road, Zhongshan District, Taipei City, Taiwan 10491","25.0833072, 121.5571648"
ATT 4 Recharge,台北市中山區敬業三路123號,"No. 123, Jingye 3rd Road, Zhongshan District, Taipei City, Taiwan 10491","25.0810846, 121.5554643"
美麗新廣場,台北市中山區北安路780號,"No. 780, Bei'an Road, Zhongshan District, Taipei City, Taiwan 104","25.0849641, 121.5537414"
萬豪酒店-MIDTOWN中城廣場,台北市中山區樂群二路199號,"No. 199, Lequn 2nd Road, Zhongshan District, Taipei City, Taiwan 104","25.0804505, 121.5589421"
英迪格酒店 春大直,台北市中山區樂群三路303號,"No. 303, Lequn 3rd Road, Zhongshan District, Taipei City, Taiwan 104","25.0827773, 121.5602396"
禮客時尚館公館店,台北市中正區思源街16號,"No. 16, Siyuan Street, Zhongzheng District, Taipei City, Taiwan 100","25.0137039, 121.5283471"
瀚星百貨,台北市文山區景興路188號,"No. 188, Jingxing Road, Wenshan District, Taipei City, Taiwan 116","24.9923, 121.543815"